Date,Product,Category,Region,Channel,Units_Sold,Unit_Price,Total_Sales,Revenue,Margin
2024-01-01,Yoga Mat,Sports,South,Online,41,40,1844,1725,0.34
2024-01-05,Skincare Set,Beauty,South,Online,3,60,215,182,0.15
2024-01-05,Winter Jacket,Apparel,East,Retail,1,200,186,167,0.17
2024-01-05,Skincare Set,Beauty,West,Retail,33,60,2010,1774,0.25
2024-01-08,Laptop Pro,Electronics,West,Wholesale,15,1200,18440,15758,0.18
2024-01-09,Yoga Mat,Sports,East,Retail,26,40,1112,1104,0.41
2024-01-12,Yoga Mat,Sports,North,Retail,40,40,1917,1747,0.24
2024-01-12,Air Purifier,Home,South,Retail,32,250,8522,8222,0.38
2024-01-14,Running Shoes,Apparel,North,Retail,5,120,579,498,0.43
2024-01-15,Skincare Set,Beauty,South,Online,31,60,1747,1638,0.38
2024-01-17,Coffee Maker,Home,North,Online,4,90,363,320,0.34
2024-01-18,Winter Jacket,Apparel,West,Wholesale,13,200,3104,2868,0.32
2024-01-19,Coffee Maker,Home,North,Online,7,90,699,671,0.38
2024-01-20,Yoga Mat,Sports,South,Wholesale,36,40,1857,1661,0.2
2024-01-20,Winter Jacket,Apparel,West,Wholesale,18,200,4457,4407,0.16
2024-01-21,Laptop Pro,Electronics,West,Retail,14,1200,19335,16650,0.35
2024-01-21,Coffee Maker,Home,East,Wholesale,23,90,2275,2157,0.38
2024-01-21,Air Purifier,Home,East,Retail,19,250,4618,4287,0.2
2024-01-22,Running Shoes,Apparel,West,Wholesale,18,120,2403,2091,0.43
2024-01-22,Skincare Set,Beauty,North,Online,50,60,2741,2688,0.36
2024-01-25,Yoga Mat,Sports,West,Online,47,40,1775,1733,0.44
2024-01-27,Yoga Mat,Sports,South,Retail,14,40,561,496,0.42
2024-01-27,Yoga Mat,Sports,West,Retail,27,40,1312,1151,0.17
2024-01-28,Yoga Mat,Sports,South,Retail,34,40,1672,1668,0.26
2024-01-28,Air Purifier,Home,South,Retail,49,250,11926,11179,0.29
2024-01-30,Air Purifier,Home,South,Retail,27,250,7566,7204,0.43
2024-01-30,Coffee Maker,Home,East,Retail,20,90,2273,2166,0.42
2024-01-31,Yoga Mat,Sports,West,Wholesale,17,40,881,868,0.4
2024-02-01,Running Shoes,Apparel,South,Wholesale,32,120,3684,3631,0.26
2024-02-04,Coffee Maker,Home,East,Retail,5,90,529,502,0.18
2024-02-04,Laptop Pro,Electronics,North,Retail,5,1200,6783,6623,0.17
2024-02-05,Winter Jacket,Apparel,North,Retail,27,200,6426,6255,0.3
2024-02-05,Skincare Set,Beauty,North,Wholesale,1,60,59,58,0.36
2024-02-05,Skincare Set,Beauty,North,Retail,17,60,1073,995,0.35
2024-02-06,Laptop Pro,Electronics,North,Retail,19,1200,25796,25177,0.35
2024-02-07,Coffee Maker,Home,North,Online,37,90,3976,3396,0.31
2024-02-07,Running Shoes,Apparel,South,Retail,29,120,3503,3112,0.23
2024-02-08,Running Shoes,Apparel,West,Wholesale,50,120,5863,5806,0.23
2024-02-10,Winter Jacket,Apparel,North,Retail,31,200,6471,5504,0.24
2024-02-10,Yoga Mat,Sports,West,Wholesale,20,40,965,851,0.19
2024-02-11,Smartphone X,Electronics,North,Online,34,800,29913,25549,0.17
2024-02-11,Coffee Maker,Home,West,Retail,4,90,355,332,0.35
2024-02-12,Air Purifier,Home,North,Wholesale,22,250,6425,5477,0.19
2024-02-13,Air Purifier,Home,West,Online,36,250,11172,10144,0.36
2024-02-14,Smartphone X,Electronics,East,Wholesale,42,800,37269,35515,0.28
2024-02-16,Laptop Pro,Electronics,South,Wholesale,28,1200,33861,32909,0.25
2024-02-18,Coffee Maker,Home,South,Wholesale,5,90,486,426,0.43
2024-02-18,Skincare Set,Beauty,East,Retail,1,60,75,70,0.38
2024-02-19,Yoga Mat,Sports,East,Retail,12,40,580,517,0.33
2024-02-19,Running Shoes,Apparel,North,Online,44,120,6045,5140,0.15
2024-02-20,Coffee Maker,Home,East,Wholesale,44,90,3943,3749,0.26
2024-02-20,Yoga Mat,Sports,West,Online,22,40,1039,1038,0.35
2024-02-22,Winter Jacket,Apparel,West,Wholesale,23,200,5840,5407,0.44
2024-02-23,Air Purifier,Home,South,Wholesale,42,250,12695,11157,0.38
2024-02-23,Air Purifier,Home,West,Retail,19,250,4587,4165,0.31
2024-02-25,Air Purifier,Home,West,Retail,36,250,8654,8542,0.22
2024-02-27,Yoga Mat,Sports,South,Retail,47,40,2418,2352,0.4
2024-02-27,Laptop Pro,Electronics,East,Wholesale,40,1200,45849,45252,0.43
2024-02-28,Laptop Pro,Electronics,East,Wholesale,4,1200,5559,5291,0.2
2024-02-28,Air Purifier,Home,North,Online,23,250,6313,5784,0.44
2024-03-01,Air Purifier,Home,North,Wholesale,31,250,8425,7402,0.28
2024-03-01,Smartphone X,Electronics,West,Online,43,800,44346,41386,0.19
2024-03-04,Running Shoes,Apparel,West,Online,46,120,5309,5118,0.25
2024-03-05,Smartphone X,Electronics,East,Online,13,800,10724,9320,0.42
2024-03-06,Yoga Mat,Sports,South,Online,19,40,706,621,0.21
2024-03-07,Coffee Maker,Home,West,Online,15,90,1319,1146,0.32
2024-03-08,Air Purifier,Home,South,Online,5,250,1432,1239,0.24
2024-03-10,Yoga Mat,Sports,West,Wholesale,10,40,469,448,0.17
2024-03-11,Winter Jacket,Apparel,North,Retail,10,200,2221,2146,0.22
2024-03-12,Yoga Mat,Sports,East,Wholesale,36,40,1606,1419,0.3
2024-03-13,Smartphone X,Electronics,East,Retail,6,800,5200,5172,0.41
2024-03-13,Yoga Mat,Sports,West,Retail,47,40,1730,1595,0.26
2024-03-14,Laptop Pro,Electronics,West,Online,35,1200,42274,36143,0.32
2024-03-14,Coffee Maker,Home,South,Online,46,90,5068,4831,0.18
2024-03-14,Laptop Pro,Electronics,South,Wholesale,44,1200,53805,52673,0.4
2024-03-16,Smartphone X,Electronics,East,Retail,47,800,42825,37525,0.4
2024-03-16,Smartphone X,Electronics,East,Wholesale,18,800,16467,14956,0.34
2024-03-18,Running Shoes,Apparel,West,Online,50,120,5923,5451,0.4
2024-03-18,Air Purifier,Home,North,Retail,6,250,1767,1559,0.22
2024-03-18,Air Purifier,Home,South,Online,34,250,9830,8770,0.24
2024-03-21,Laptop Pro,Electronics,East,Online,39,1200,53831,52914,0.39
2024-03-22,Coffee Maker,Home,North,Retail,39,90,4468,4024,0.29
2024-03-22,Smartphone X,Electronics,South,Wholesale,47,800,40862,36588,0.17
2024-03-24,Smartphone X,Electronics,South,Wholesale,11,800,10432,8997,0.28
2024-03-24,Running Shoes,Apparel,West,Retail,39,120,4713,4669,0.17
2024-03-25,Yoga Mat,Sports,West,Wholesale,24,40,904,856,0.21
2024-03-25,Smartphone X,Electronics,East,Wholesale,23,800,19280,17268,0.25
2024-03-25,Air Purifier,Home,West,Online,2,250,458,452,0.22
2024-03-26,Air Purifier,Home,North,Online,11,250,2517,2262,0.36
2024-03-26,Winter Jacket,Apparel,West,Wholesale,1,200,207,192,0.4
2024-03-27,Skincare Set,Beauty,West,Retail,49,60,3681,3672,0.21
2024-03-27,Yoga Mat,Sports,West,Retail,14,40,684,644,0.29
2024-03-29,Yoga Mat,Sports,South,Retail,48,40,2086,1964,0.43
2024-03-29,Smartphone X,Electronics,North,Online,3,800,2233,1994,0.21
2024-03-30,Smartphone X,Electronics,South,Retail,49,800,41923,37567,0.43
2024-03-30,Yoga Mat,Sports,East,Retail,3,40,144,141,0.15
2024-04-01,Yoga Mat,Sports,North,Online,38,40,1667,1473,0.32
2024-04-01,Smartphone X,Electronics,West,Wholesale,36,800,34710,30373,0.34
2024-04-02,Running Shoes,Apparel,East,Online,10,120,1261,1124,0.19
2024-04-04,Winter Jacket,Apparel,West,Retail,5,200,1101,1087,0.44
2024-04-05,Running Shoes,Apparel,West,Online,30,120,3363,2896,0.38
2024-04-05,Coffee Maker,Home,East,Online,23,90,1962,1880,0.17
2024-04-05,Skincare Set,Beauty,West,Wholesale,26,60,1550,1475,0.26
2024-04-06,Laptop Pro,Electronics,West,Online,23,1200,28830,25104,0.42
2024-04-07,Laptop Pro,Electronics,North,Wholesale,17,1200,26332,24777,0.26
2024-04-07,Yoga Mat,Sports,West,Retail,11,40,457,430,0.34
2024-04-08,Coffee Maker,Home,South,Online,9,90,752,681,0.18
2024-04-08,Running Shoes,Apparel,North,Wholesale,21,120,2329,2144,0.2
2024-04-11,Winter Jacket,Apparel,West,Retail,43,200,9525,9066,0.33
2024-04-13,Skincare Set,Beauty,South,Retail,42,60,2775,2493,0.42
2024-04-13,Yoga Mat,Sports,South,Wholesale,12,40,520,473,0.33
2024-04-13,Air Purifier,Home,West,Wholesale,17,250,4028,3749,0.42
2024-04-14,Yoga Mat,Sports,East,Online,33,40,1359,1261,0.21
2024-04-14,Yoga Mat,Sports,South,Retail,20,40,892,761,0.16
2024-04-15,Smartphone X,Electronics,North,Online,39,800,34781,32300,0.35
2024-04-17,Skincare Set,Beauty,West,Retail,20,60,1281,1165,0.41
2024-04-17,Running Shoes,Apparel,North,Wholesale,43,120,5094,4800,0.24
2024-04-17,Coffee Maker,Home,North,Wholesale,12,90,1050,907,0.28
2024-04-18,Yoga Mat,Sports,South,Wholesale,45,40,2113,1860,0.39
2024-04-19,Yoga Mat,Sports,West,Retail,25,40,947,893,0.27
2024-04-21,Yoga Mat,Sports,East,Online,18,40,756,713,0.26
2024-04-21,Winter Jacket,Apparel,South,Wholesale,43,200,8252,8086,0.24
2024-04-22,Air Purifier,Home,North,Retail,8,250,2582,2489,0.19
2024-04-22,Laptop Pro,Electronics,North,Wholesale,36,1200,47300,46407,0.42
2024-04-22,Coffee Maker,Home,West,Retail,25,90,2638,2543,0.2
2024-04-23,Laptop Pro,Electronics,South,Retail,45,1200,58317,54024,0.28
2024-04-23,Skincare Set,Beauty,East,Retail,2,60,142,125,0.42
2024-04-27,Smartphone X,Electronics,West,Online,45,800,41629,39175,0.21
2024-04-27,Running Shoes,Apparel,South,Online,9,120,1033,892,0.36
2024-04-27,Air Purifier,Home,West,Wholesale,13,250,3262,3173,0.43
2024-04-30,Yoga Mat,Sports,South,Wholesale,6,40,301,290,0.44
2024-04-30,Yoga Mat,Sports,North,Retail,27,40,1306,1208,0.36
2024-04-30,Air Purifier,Home,East,Retail,32,250,8918,8597,0.44
2024-05-01,Yoga Mat,Sports,East,Online,18,40,807,692,0.25
2024-05-02,Coffee Maker,Home,East,Online,36,90,2985,2791,0.32
2024-05-02,Skincare Set,Beauty,East,Wholesale,7,60,443,433,0.3
2024-05-03,Running Shoes,Apparel,East,Wholesale,6,120,889,772,0.42
2024-05-03,Yoga Mat,Sports,North,Wholesale,1,40,44,42,0.21
2024-05-04,Skincare Set,Beauty,North,Retail,12,60,777,670,0.44
2024-05-05,Laptop Pro,Electronics,West,Wholesale,4,1200,5213,4709,0.25
2024-05-05,Winter Jacket,Apparel,North,Retail,33,200,7417,6694,0.43
2024-05-06,Running Shoes,Apparel,North,Online,25,120,3513,3392,0.31
2024-05-07,Yoga Mat,Sports,North,Retail,33,40,1376,1212,0.41
2024-05-08,Skincare Set,Beauty,East,Online,4,60,225,222,0.39
2024-05-09,Air Purifier,Home,North,Retail,24,250,7052,6584,0.17
2024-05-09,Running Shoes,Apparel,East,Retail,12,120,1394,1224,0.43
2024-05-10,Laptop Pro,Electronics,South,Retail,9,1200,12187,11840,0.36
2024-05-11,Winter Jacket,Apparel,South,Retail,49,200,10455,9592,0.15
2024-05-11,Skincare Set,Beauty,East,Retail,16,60,1011,954,0.36
2024-05-12,Coffee Maker,Home,North,Online,5,90,518,516,0.18
2024-05-13,Winter Jacket,Apparel,West,Retail,41,200,9017,7971,0.26
2024-05-16,Smartphone X,Electronics,East,Retail,39,800,28997,25667,0.19
2024-05-16,Running Shoes,Apparel,South,Wholesale,43,120,4821,4571,0.37
2024-05-16,Yoga Mat,Sports,East,Online,23,40,1039,901,0.33
2024-05-17,Smartphone X,Electronics,West,Online,50,800,39470,38235,0.37
2024-05-18,Skincare Set,Beauty,North,Retail,28,60,2018,1965,0.26
2024-05-19,Skincare Set,Beauty,North,Wholesale,42,60,2336,2009,0.32
2024-05-19,Air Purifier,Home,South,Retail,50,250,13857,11788,0.38
2024-05-19,Yoga Mat,Sports,South,Retail,32,40,1564,1421,0.19
2024-05-21,Yoga Mat,Sports,South,Retail,33,40,1538,1438,0.31
2024-05-23,Yoga Mat,Sports,East,Wholesale,6,40,296,287,0.17
2024-05-23,Coffee Maker,Home,West,Wholesale,20,90,1982,1892,0.34
2024-05-23,Coffee Maker,Home,West,Wholesale,10,90,928,863,0.42
2024-05-23,Winter Jacket,Apparel,South,Retail,1,200,200,194,0.26
2024-05-24,Running Shoes,Apparel,East,Retail,14,120,1703,1670,0.21
2024-05-25,Skincare Set,Beauty,South,Wholesale,50,60,3762,3237,0.17
2024-05-26,Skincare Set,Beauty,North,Wholesale,41,60,2308,2123,0.45
2024-05-26,Skincare Set,Beauty,South,Wholesale,45,60,2825,2731,0.3
2024-05-27,Yoga Mat,Sports,West,Wholesale,31,40,1251,1130,0.3
2024-05-28,Yoga Mat,Sports,North,Retail,2,40,103,93,0.39
2024-05-28,Skincare Set,Beauty,West,Wholesale,4,60,292,286,0.25
2024-05-29,Running Shoes,Apparel,West,Online,18,120,2743,2665,0.3
2024-05-30,Skincare Set,Beauty,South,Online,10,60,659,622,0.41
2024-05-31,Smartphone X,Electronics,South,Online,22,800,17120,15807,0.39
2024-05-31,Laptop Pro,Electronics,North,Retail,23,1200,29927,26452,0.36
2024-06-01,Coffee Maker,Home,North,Wholesale,18,90,1975,1681,0.28
2024-06-04,Smartphone X,Electronics,East,Wholesale,46,800,40830,38826,0.3
2024-06-05,Coffee Maker,Home,East,Online,25,90,2621,2540,0.22
2024-06-07,Yoga Mat,Sports,West,Online,35,40,1537,1431,0.3
2024-06-07,Skincare Set,Beauty,East,Wholesale,12,60,876,775,0.26
2024-06-08,Skincare Set,Beauty,North,Retail,22,60,1213,1056,0.41
2024-06-08,Skincare Set,Beauty,North,Wholesale,28,60,1801,1575,0.21
2024-06-10,Skincare Set,Beauty,East,Online,38,60,2144,2122,0.21
2024-06-10,Skincare Set,Beauty,South,Retail,5,60,292,253,0.42
2024-06-11,Air Purifier,Home,East,Retail,25,250,5684,5537,0.42
2024-06-13,Air Purifier,Home,West,Retail,32,250,8261,7297,0.45
2024-06-13,Winter Jacket,Apparel,South,Wholesale,19,200,4249,4060,0.15
2024-06-14,Winter Jacket,Apparel,North,Online,37,200,7247,7020,0.33
2024-06-14,Skincare Set,Beauty,South,Wholesale,37,60,2343,2128,0.25
2024-06-14,Running Shoes,Apparel,South,Wholesale,45,120,5344,4920,0.17
2024-06-16,Smartphone X,Electronics,South,Online,24,800,20770,19343,0.34
2024-06-21,Skincare Set,Beauty,West,Wholesale,26,60,1987,1810,0.3
2024-06-22,Coffee Maker,Home,South,Wholesale,18,90,1794,1790,0.27
2024-06-22,Skincare Set,Beauty,North,Wholesale,26,60,1424,1292,0.28
2024-06-25,Winter Jacket,Apparel,North,Online,31,200,5981,5336,0.31
2024-06-25,Skincare Set,Beauty,West,Online,46,60,2700,2447,0.39
2024-06-25,Yoga Mat,Sports,North,Wholesale,18,40,830,794,0.25
2024-06-27,Coffee Maker,Home,East,Retail,28,90,3254,3041,0.33
2024-06-28,Yoga Mat,Sports,North,Online,32,40,1414,1286,0.16
2024-06-28,Air Purifier,Home,South,Online,34,250,8609,7370,0.19
2024-06-29,Running Shoes,Apparel,North,Wholesale,3,120,412,379,0.28
2024-06-29,Smartphone X,Electronics,South,Online,42,800,31622,31432,0.31
2024-06-30,Skincare Set,Beauty,South,Wholesale,47,60,2886,2617,0.36
2024-06-30,Coffee Maker,Home,East,Wholesale,29,90,2776,2702,0.24
2024-06-30,Skincare Set,Beauty,North,Retail,33,60,1854,1582,0.33
2024-07-01,Coffee Maker,Home,South,Online,48,90,4505,4035,0.28
2024-07-01,Skincare Set,Beauty,West,Retail,20,60,1509,1284,0.43
2024-07-01,Smartphone X,Electronics,West,Wholesale,36,800,37066,34884,0.16
2024-07-02,Winter Jacket,Apparel,East,Retail,25,200,6161,5531,0.4
2024-07-02,Skincare Set,Beauty,North,Online,9,60,489,450,0.18
2024-07-02,Skincare Set,Beauty,South,Wholesale,3,60,170,147,0.23
2024-07-03,Running Shoes,Apparel,South,Retail,43,120,5391,5152,0.23
2024-07-04,Skincare Set,Beauty,East,Wholesale,18,60,1231,1164,0.21
2024-07-04,Coffee Maker,Home,North,Retail,34,90,3207,2837,0.24
2024-07-05,Skincare Set,Beauty,South,Retail,50,60,2947,2946,0.27
2024-07-06,Running Shoes,Apparel,West,Retail,44,120,6804,5883,0.22
2024-07-06,Air Purifier,Home,South,Retail,30,250,6808,6207,0.28
2024-07-06,Skincare Set,Beauty,East,Retail,6,60,338,300,0.21
2024-07-07,Air Purifier,Home,East,Retail,29,250,6836,6009,0.23
2024-07-08,Running Shoes,Apparel,West,Retail,32,120,3734,3402,0.34
2024-07-09,Laptop Pro,Electronics,East,Online,21,1200,31398,28041,0.24
2024-07-10,Yoga Mat,Sports,South,Online,43,40,1929,1725,0.31
2024-07-10,Laptop Pro,Electronics,South,Online,7,1200,9929,8956,0.2
2024-07-12,Yoga Mat,Sports,West,Online,50,40,2404,2372,0.28
2024-07-13,Skincare Set,Beauty,South,Retail,34,60,1902,1823,0.29
2024-07-13,Skincare Set,Beauty,North,Retail,19,60,1115,995,0.4
2024-07-13,Yoga Mat,Sports,East,Online,47,40,2064,1813,0.26
2024-07-14,Running Shoes,Apparel,North,Retail,27,120,3535,3426,0.33
2024-07-14,Air Purifier,Home,West,Online,35,250,8638,8293,0.37
2024-07-15,Yoga Mat,Sports,West,Retail,21,40,913,856,0.38
2024-07-16,Running Shoes,Apparel,West,Retail,46,120,5765,5259,0.45
2024-07-16,Laptop Pro,Electronics,South,Online,18,1200,21753,18607,0.15
2024-07-17,Skincare Set,Beauty,North,Online,1,60,58,51,0.25
2024-07-17,Winter Jacket,Apparel,East,Retail,15,200,2966,2824,0.4
2024-07-17,Running Shoes,Apparel,West,Online,23,120,3329,3327,0.18
2024-07-18,Running Shoes,Apparel,South,Retail,16,120,1826,1821,0.22
2024-07-18,Smartphone X,Electronics,East,Wholesale,22,800,21768,20246,0.31
2024-07-19,Yoga Mat,Sports,North,Online,22,40,893,851,0.34
2024-07-20,Smartphone X,Electronics,South,Wholesale,2,800,2018,1866,0.43
2024-07-21,Smartphone X,Electronics,West,Retail,20,800,16347,14056,0.21
2024-07-23,Running Shoes,Apparel,West,Online,40,120,5880,5202,0.37
2024-07-24,Yoga Mat,Sports,North,Online,42,40,1529,1419,0.16
2024-07-24,Yoga Mat,Sports,East,Wholesale,23,40,1190,1011,0.44
2024-07-30,Skincare Set,Beauty,East,Wholesale,35,60,2504,2461,0.24
2024-08-01,Winter Jacket,Apparel,South,Retail,14,200,3392,3092,0.32
2024-08-02,Winter Jacket,Apparel,North,Retail,14,200,3427,2914,0.16
2024-08-02,Laptop Pro,Electronics,North,Wholesale,37,1200,42241,39217,0.25
2024-08-03,Yoga Mat,Sports,East,Online,9,40,349,313,0.17
2024-08-05,Running Shoes,Apparel,East,Wholesale,34,120,4500,4022,0.32
2024-08-06,Yoga Mat,Sports,East,Retail,49,40,2279,2107,0.22
2024-08-07,Winter Jacket,Apparel,West,Online,46,200,8847,8249,0.16
2024-08-07,Smartphone X,Electronics,West,Wholesale,20,800,19441,16526,0.24
2024-08-08,Yoga Mat,Sports,East,Wholesale,37,40,1741,1696,0.37
2024-08-09,Skincare Set,Beauty,West,Online,26,60,1701,1524,0.27
2024-08-11,Yoga Mat,Sports,West,Wholesale,49,40,2151,1967,0.3
2024-08-11,Skincare Set,Beauty,East,Retail,11,60,597,538,0.18
2024-08-11,Yoga Mat,Sports,East,Retail,33,40,1691,1495,0.31
2024-08-12,Coffee Maker,Home,East,Wholesale,49,90,4202,4188,0.27
2024-08-12,Yoga Mat,Sports,East,Retail,16,40,643,632,0.32
2024-08-17,Skincare Set,Beauty,North,Online,17,60,1040,966,0.26
2024-08-18,Smartphone X,Electronics,South,Online,44,800,34272,33234,0.29
2024-08-20,Running Shoes,Apparel,South,Online,31,120,3924,3713,0.23
2024-08-20,Skincare Set,Beauty,West,Retail,13,60,810,716,0.23
2024-08-20,Air Purifier,Home,South,Online,21,250,5594,5185,0.42
2024-08-20,Skincare Set,Beauty,North,Retail,29,60,1996,1873,0.35
2024-08-22,Skincare Set,Beauty,North,Online,24,60,1390,1275,0.41
2024-08-22,Laptop Pro,Electronics,East,Retail,25,1200,30464,29240,0.29
2024-08-22,Laptop Pro,Electronics,East,Online,34,1200,36734,34236,0.21
2024-08-24,Coffee Maker,Home,West,Wholesale,38,90,3308,3024,0.27
2024-08-26,Yoga Mat,Sports,West,Wholesale,5,40,180,178,0.33
2024-08-27,Skincare Set,Beauty,South,Online,31,60,1864,1833,0.41
2024-08-30,Air Purifier,Home,South,Online,45,250,12631,11096,0.26
2024-09-01,Laptop Pro,Electronics,West,Wholesale,15,1200,21696,20706,0.29
2024-09-02,Running Shoes,Apparel,South,Online,40,120,5248,5048,0.33
2024-09-03,Coffee Maker,Home,North,Online,9,90,781,738,0.15
2024-09-03,Winter Jacket,Apparel,North,Online,24,200,5847,5531,0.27
2024-09-09,Laptop Pro,Electronics,East,Online,48,1200,61477,58767,0.27
2024-09-09,Coffee Maker,Home,East,Wholesale,28,90,2313,2005,0.26
2024-09-10,Skincare Set,Beauty,East,Online,4,60,216,201,0.22
2024-09-10,Smartphone X,Electronics,West,Wholesale,45,800,33672,30935,0.35
2024-09-10,Yoga Mat,Sports,East,Retail,27,40,1225,1059,0.35
2024-09-11,Running Shoes,Apparel,South,Retail,17,120,2159,1899,0.18
2024-09-11,Air Purifier,Home,East,Retail,30,250,6775,6466,0.4
2024-09-11,Yoga Mat,Sports,East,Online,24,40,1060,973,0.4
2024-09-12,Laptop Pro,Electronics,South,Retail,31,1200,35742,35016,0.37
2024-09-12,Skincare Set,Beauty,East,Wholesale,29,60,1670,1503,0.34
2024-09-13,Coffee Maker,Home,West,Retail,24,90,2421,2381,0.17
2024-09-14,Winter Jacket,Apparel,North,Retail,13,200,2676,2587,0.36
2024-09-15,Winter Jacket,Apparel,South,Retail,26,200,5163,4537,0.38
2024-09-15,Yoga Mat,Sports,West,Wholesale,17,40,856,753,0.25
2024-09-16,Running Shoes,Apparel,West,Online,42,120,6264,5398,0.21
2024-09-16,Winter Jacket,Apparel,West,Wholesale,30,200,5822,5762,0.29
2024-09-16,Skincare Set,Beauty,South,Online,28,60,1805,1679,0.41
2024-09-16,Laptop Pro,Electronics,South,Wholesale,17,1200,23461,23208,0.3
2024-09-17,Skincare Set,Beauty,West,Wholesale,18,60,1204,1029,0.41
2024-09-18,Yoga Mat,Sports,West,Online,29,40,1136,986,0.22
2024-09-18,Winter Jacket,Apparel,North,Retail,42,200,8203,7331,0.38
2024-09-18,Winter Jacket,Apparel,South,Retail,48,200,11488,10046,0.32
2024-09-19,Laptop Pro,Electronics,East,Retail,5,1200,6742,6290,0.29
2024-09-20,Skincare Set,Beauty,West,Wholesale,22,60,1458,1281,0.36
2024-09-21,Skincare Set,Beauty,North,Wholesale,46,60,3020,2894,0.23
2024-09-21,Skincare Set,Beauty,South,Online,49,60,3773,3608,0.26
2024-09-22,Yoga Mat,Sports,North,Wholesale,39,40,1840,1571,0.31
2024-09-23,Skincare Set,Beauty,West,Wholesale,11,60,647,629,0.35
2024-09-24,Yoga Mat,Sports,West,Retail,13,40,494,453,0.36
2024-09-25,Skincare Set,Beauty,East,Retail,50,60,3197,2997,0.36
2024-09-25,Winter Jacket,Apparel,West,Online,38,200,7101,6222,0.22
2024-09-26,Smartphone X,Electronics,East,Retail,34,800,24589,23249,0.45
2024-09-26,Coffee Maker,Home,East,Wholesale,29,90,2375,2214,0.27
2024-09-26,Skincare Set,Beauty,West,Wholesale,35,60,2189,1955,0.38
2024-09-28,Coffee Maker,Home,South,Retail,42,90,4271,3788,0.36
2024-09-29,Skincare Set,Beauty,West,Retail,41,60,2364,2044,0.16
2024-10-01,Laptop Pro,Electronics,South,Online,25,1200,34209,31281,0.29
2024-10-01,Coffee Maker,Home,East,Online,16,90,1333,1281,0.17
2024-10-02,Skincare Set,Beauty,East,Online,35,60,2231,1970,0.16
2024-10-02,Coffee Maker,Home,West,Wholesale,31,90,2810,2745,0.25
2024-10-03,Skincare Set,Beauty,South,Online,25,60,1755,1716,0.41
2024-10-05,Air Purifier,Home,North,Wholesale,11,250,3114,2747,0.21
2024-10-05,Running Shoes,Apparel,South,Retail,6,120,881,762,0.4
2024-10-06,Air Purifier,Home,South,Retail,48,250,11582,10315,0.23
2024-10-06,Air Purifier,Home,West,Online,28,250,6433,6377,0.24
2024-10-09,Smartphone X,Electronics,North,Wholesale,23,800,17618,14981,0.21
2024-10-09,Coffee Maker,Home,East,Retail,42,90,3743,3485,0.34
2024-10-10,Yoga Mat,Sports,East,Wholesale,11,40,432,413,0.2
2024-10-11,Laptop Pro,Electronics,East,Retail,14,1200,15947,13804,0.26
2024-10-11,Coffee Maker,Home,West,Retail,8,90,861,756,0.44
2024-10-11,Running Shoes,Apparel,South,Retail,1,120,117,106,0.16
2024-10-11,Winter Jacket,Apparel,West,Wholesale,44,200,9488,8229,0.27
2024-10-13,Yoga Mat,Sports,East,Wholesale,3,40,124,118,0.18
2024-10-16,Running Shoes,Apparel,South,Online,45,120,6470,5962,0.34
2024-10-16,Skincare Set,Beauty,West,Wholesale,27,60,1592,1477,0.39
2024-10-16,Winter Jacket,Apparel,North,Wholesale,48,200,10804,9944,0.2
2024-10-17,Skincare Set,Beauty,South,Online,46,60,2710,2387,0.38
2024-10-17,Yoga Mat,Sports,East,Wholesale,19,40,833,708,0.21
2024-10-17,Coffee Maker,Home,West,Online,26,90,2508,2176,0.36
2024-10-19,Winter Jacket,Apparel,West,Online,8,200,2042,1743,0.2
2024-10-20,Laptop Pro,Electronics,North,Retail,37,1200,48462,46880,0.25
2024-10-21,Running Shoes,Apparel,East,Online,39,120,4909,4749,0.37
2024-10-22,Yoga Mat,Sports,North,Wholesale,3,40,110,95,0.22
2024-10-22,Air Purifier,Home,West,Online,16,250,3664,3572,0.15
2024-10-22,Winter Jacket,Apparel,West,Wholesale,24,200,5430,5031,0.21
2024-10-23,Laptop Pro,Electronics,South,Wholesale,12,1200,17436,15530,0.19
2024-10-24,Winter Jacket,Apparel,North,Retail,4,200,1021,980,0.32
2024-10-24,Smartphone X,Electronics,South,Wholesale,1,800,805,801,0.25
2024-10-25,Running Shoes,Apparel,East,Wholesale,30,120,3466,3178,0.16
2024-10-26,Air Purifier,Home,West,Wholesale,42,250,10763,10356,0.43
2024-10-26,Skincare Set,Beauty,East,Wholesale,22,60,1408,1284,0.4
2024-10-27,Yoga Mat,Sports,East,Online,49,40,1974,1911,0.37
2024-10-27,Yoga Mat,Sports,East,Retail,40,40,1892,1844,0.43
2024-10-29,Coffee Maker,Home,South,Retail,24,90,2101,1947,0.39
2024-10-30,Yoga Mat,Sports,West,Wholesale,48,40,2035,1832,0.19
2024-11-02,Yoga Mat,Sports,East,Retail,32,40,1560,1439,0.17
2024-11-04,Running Shoes,Apparel,West,Wholesale,21,120,2451,2105,0.36
2024-11-04,Skincare Set,Beauty,North,Online,24,60,1607,1401,0.32
2024-11-04,Smartphone X,Electronics,East,Wholesale,29,800,28174,24258,0.21
2024-11-06,Skincare Set,Beauty,South,Retail,17,60,1325,1230,0.34
2024-11-06,Laptop Pro,Electronics,East,Online,48,1200,69803,63182,0.29
2024-11-06,Running Shoes,Apparel,North,Online,21,120,3017,2934,0.36
2024-11-09,Air Purifier,Home,North,Wholesale,1,250,309,301,0.36
2024-11-09,Yoga Mat,Sports,West,Retail,14,40,525,467,0.33
2024-11-09,Running Shoes,Apparel,North,Retail,22,120,3107,2865,0.2
2024-11-10,Winter Jacket,Apparel,South,Retail,30,200,6930,6900,0.18
2024-11-10,Winter Jacket,Apparel,North,Online,30,200,7505,7318,0.3
2024-11-11,Skincare Set,Beauty,East,Online,43,60,3329,3090,0.2
2024-11-13,Running Shoes,Apparel,East,Online,4,120,446,430,0.31
2024-11-16,Running Shoes,Apparel,West,Online,22,120,2753,2409,0.28
2024-11-17,Running Shoes,Apparel,West,Wholesale,2,120,291,255,0.36
2024-11-17,Air Purifier,Home,East,Online,1,250,274,241,0.16
2024-11-19,Yoga Mat,Sports,East,Wholesale,42,40,1660,1432,0.37
2024-11-20,Skincare Set,Beauty,West,Wholesale,30,60,2110,1938,0.22
2024-11-20,Running Shoes,Apparel,North,Wholesale,39,120,4541,4287,0.32
2024-11-20,Skincare Set,Beauty,West,Retail,29,60,1649,1546,0.43
2024-11-20,Yoga Mat,Sports,West,Retail,49,40,2323,2292,0.29
2024-11-21,Laptop Pro,Electronics,South,Online,32,1200,47778,46006,0.21
2024-11-23,Yoga Mat,Sports,East,Online,17,40,650,643,0.19
2024-11-24,Skincare Set,Beauty,North,Online,29,60,1785,1580,0.34
2024-11-26,Coffee Maker,Home,South,Online,44,90,3621,3234,0.19
2024-11-26,Air Purifier,Home,West,Wholesale,47,250,10972,10067,0.36
2024-11-27,Skincare Set,Beauty,East,Wholesale,20,60,1409,1339,0.4
2024-11-27,Coffee Maker,Home,East,Wholesale,36,90,3982,3732,0.33
2024-11-28,Smartphone X,Electronics,South,Wholesale,34,800,34426,31495,0.18
2024-11-28,Skincare Set,Beauty,North,Retail,37,60,2195,2187,0.36
2024-11-28,Skincare Set,Beauty,West,Retail,24,60,1526,1472,0.17
2024-12-02,Skincare Set,Beauty,East,Wholesale,36,60,2512,2250,0.3
2024-12-02,Air Purifier,Home,South,Wholesale,25,250,6096,5222,0.34
2024-12-02,Air Purifier,Home,East,Retail,45,250,10629,9261,0.35
2024-12-02,Air Purifier,Home,East,Retail,22,250,5419,4695,0.29
2024-12-03,Skincare Set,Beauty,East,Online,50,60,3618,3123,0.39
2024-12-03,Skincare Set,Beauty,North,Online,1,60,58,50,0.41
2024-12-05,Air Purifier,Home,East,Retail,13,250,4121,3659,0.22
2024-12-05,Coffee Maker,Home,North,Retail,17,90,1666,1462,0.22
2024-12-05,Smartphone X,Electronics,West,Online,10,800,8452,7512,0.31
2024-12-06,Skincare Set,Beauty,East,Online,20,60,1503,1413,0.45
2024-12-06,Yoga Mat,Sports,North,Retail,36,40,1399,1319,0.43
2024-12-06,Laptop Pro,Electronics,South,Retail,12,1200,18343,15676,0.26
2024-12-07,Winter Jacket,Apparel,East,Online,18,200,4222,3846,0.3
2024-12-08,Air Purifier,Home,North,Online,50,250,14259,13417,0.26
2024-12-08,Air Purifier,Home,South,Retail,9,250,2160,1939,0.36
2024-12-09,Running Shoes,Apparel,South,Wholesale,19,120,2089,2035,0.41
2024-12-11,Smartphone X,Electronics,South,Wholesale,28,800,28365,25814,0.19
2024-12-12,Air Purifier,Home,South,Retail,17,250,4530,4250,0.36
2024-12-14,Yoga Mat,Sports,South,Online,36,40,1491,1416,0.15
2024-12-15,Yoga Mat,Sports,West,Online,31,40,1295,1224,0.41
2024-12-20,Smartphone X,Electronics,West,Online,5,800,4817,4595,0.35
2024-12-27,Air Purifier,Home,South,Online,19,250,6019,5684,0.26
2024-12-28,Smartphone X,Electronics,South,Retail,16,800,13631,12653,0.22
2024-12-29,Skincare Set,Beauty,South,Retail,6,60,362,338,0.25
2024-12-30,Winter Jacket,Apparel,North,Retail,2,200,496,473,0.16
2025-01-03,Skincare Set,Beauty,East,Retail,5,60,389,337,0.19
2025-01-04,Smartphone X,Electronics,South,Online,34,800,25096,23886,0.21
2025-01-07,Skincare Set,Beauty,South,Online,30,60,1942,1734,0.25
2025-01-07,Yoga Mat,Sports,East,Online,41,40,1990,1839,0.34
2025-01-08,Winter Jacket,Apparel,West,Online,8,200,1851,1704,0.25
2025-01-11,Laptop Pro,Electronics,West,Online,28,1200,43395,41751,0.32
2025-01-12,Laptop Pro,Electronics,South,Online,14,1200,15827,14332,0.31
2025-01-13,Air Purifier,Home,East,Online,1,250,251,216,0.22
2025-01-13,Smartphone X,Electronics,South,Wholesale,2,800,1938,1724,0.22
2025-01-13,Smartphone X,Electronics,North,Retail,24,800,22488,21615,0.29
2025-01-13,Air Purifier,Home,North,Wholesale,20,250,4558,4337,0.15
2025-01-15,Smartphone X,Electronics,West,Retail,23,800,22806,20700,0.4
2025-01-17,Coffee Maker,Home,South,Retail,47,90,4463,4364,0.26
2025-01-17,Yoga Mat,Sports,East,Wholesale,12,40,477,421,0.32
2025-01-18,Air Purifier,Home,West,Online,23,250,6493,6270,0.22
2025-01-18,Skincare Set,Beauty,West,Online,14,60,1085,1030,0.21
2025-01-19,Coffee Maker,Home,West,Wholesale,44,90,4270,3862,0.4
2025-01-19,Yoga Mat,Sports,North,Online,13,40,527,483,0.29
2025-01-21,Laptop Pro,Electronics,South,Retail,31,1200,39827,39031,0.3
2025-01-24,Skincare Set,Beauty,South,Wholesale,32,60,2054,1817,0.45
2025-01-28,Yoga Mat,Sports,East,Retail,29,40,1195,1037,0.35
2025-01-28,Yoga Mat,Sports,West,Wholesale,24,40,1006,923,0.23
2025-01-29,Skincare Set,Beauty,East,Wholesale,33,60,2560,2502,0.24
2025-01-29,Yoga Mat,Sports,South,Online,34,40,1431,1360,0.15
2025-01-30,Laptop Pro,Electronics,West,Online,16,1200,23312,21495,0.26
2025-01-30,Winter Jacket,Apparel,North,Retail,20,200,4605,4176,0.23
2025-01-31,Skincare Set,Beauty,West,Retail,5,60,332,308,0.31
2025-01-31,Yoga Mat,Sports,East,Retail,15,40,736,656,0.43
2025-01-31,Laptop Pro,Electronics,East,Retail,36,1200,55604,54212,0.37
2025-01-31,Skincare Set,Beauty,West,Online,20,60,1289,1146,0.33
2025-02-01,Winter Jacket,Apparel,West,Retail,50,200,11993,10478,0.18
2025-02-01,Running Shoes,Apparel,West,Retail,29,120,3607,3375,0.28
2025-02-01,Yoga Mat,Sports,North,Online,11,40,455,403,0.17
2025-02-03,Yoga Mat,Sports,North,Wholesale,11,40,468,437,0.18
2025-02-03,Laptop Pro,Electronics,South,Online,15,1200,19288,17859,0.19
2025-02-03,Yoga Mat,Sports,West,Online,37,40,1531,1440,0.31
2025-02-05,Coffee Maker,Home,North,Wholesale,49,90,4360,4146,0.43
2025-02-06,Coffee Maker,Home,East,Online,42,90,4242,3969,0.38
2025-02-07,Air Purifier,Home,South,Online,23,250,5778,5576,0.42
2025-02-08,Running Shoes,Apparel,North,Online,43,120,5332,4998,0.3
2025-02-09,Smartphone X,Electronics,West,Retail,4,800,3620,3618,0.25
2025-02-10,Skincare Set,Beauty,North,Wholesale,2,60,142,137,0.32
2025-02-10,Running Shoes,Apparel,South,Retail,38,120,5927,5211,0.4
2025-02-11,Winter Jacket,Apparel,West,Retail,21,200,4785,4589,0.37
2025-02-11,Laptop Pro,Electronics,West,Online,16,1200,21822,19834,0.23
2025-02-12,Smartphone X,Electronics,South,Retail,44,800,38694,33341,0.3
2025-02-12,Skincare Set,Beauty,South,Retail,2,60,153,140,0.33
2025-02-13,Air Purifier,Home,South,Online,29,250,7695,6670,0.41
2025-02-13,Smartphone X,Electronics,North,Online,49,800,46863,43641,0.16
2025-02-14,Smartphone X,Electronics,South,Online,25,800,22219,21707,0.31
2025-02-16,Winter Jacket,Apparel,South,Retail,29,200,7497,7084,0.2
2025-02-16,Air Purifier,Home,West,Retail,16,250,4417,4008,0.34
2025-02-17,Winter Jacket,Apparel,West,Online,17,200,3929,3731,0.34
2025-02-17,Coffee Maker,Home,East,Wholesale,11,90,946,901,0.34
2025-02-19,Winter Jacket,Apparel,South,Retail,19,200,4144,4003,0.37
2025-02-20,Coffee Maker,Home,West,Online,38,90,3146,2941,0.34
2025-02-20,Yoga Mat,Sports,South,Retail,24,40,928,919,0.3
2025-02-20,Skincare Set,Beauty,West,Retail,4,60,243,219,0.24
2025-02-21,Yoga Mat,Sports,South,Online,25,40,961,932,0.3
2025-02-21,Air Purifier,Home,West,Retail,27,250,8256,7525,0.21
2025-02-23,Skincare Set,Beauty,South,Online,35,60,2256,2055,0.18
2025-02-24,Yoga Mat,Sports,South,Retail,28,40,1134,1100,0.36
2025-02-24,Yoga Mat,Sports,North,Retail,44,40,1645,1414,0.4
2025-02-25,Smartphone X,Electronics,East,Retail,39,800,34672,34670,0.36
2025-02-26,Skincare Set,Beauty,East,Wholesale,12,60,871,801,0.27
2025-02-27,Air Purifier,Home,South,Online,30,250,8093,7298,0.41
2025-02-28,Yoga Mat,Sports,East,Online,15,40,770,741,0.2
2025-03-01,Running Shoes,Apparel,East,Retail,6,120,718,689,0.23
2025-03-01,Skincare Set,Beauty,West,Online,29,60,2209,2171,0.39
2025-03-02,Skincare Set,Beauty,East,Wholesale,42,60,3196,3164,0.36
2025-03-02,Running Shoes,Apparel,West,Wholesale,34,120,4861,4522,0.26
2025-03-03,Skincare Set,Beauty,West,Online,21,60,1383,1178,0.29
2025-03-05,Laptop Pro,Electronics,North,Online,8,1200,10214,10185,0.34
2025-03-06,Skincare Set,Beauty,West,Retail,11,60,819,704,0.31
2025-03-07,Coffee Maker,Home,West,Retail,7,90,596,583,0.19
2025-03-07,Skincare Set,Beauty,East,Retail,32,60,1861,1647,0.15
2025-03-10,Air Purifier,Home,East,Retail,38,250,9768,8436,0.3
2025-03-10,Laptop Pro,Electronics,East,Retail,30,1200,42409,40573,0.42
2025-03-11,Yoga Mat,Sports,West,Wholesale,11,40,484,470,0.15
2025-03-12,Running Shoes,Apparel,West,Wholesale,7,120,854,743,0.27
2025-03-13,Yoga Mat,Sports,East,Online,29,40,1497,1492,0.38
2025-03-15,Running Shoes,Apparel,South,Retail,31,120,4615,3973,0.19
2025-03-16,Yoga Mat,Sports,North,Retail,38,40,1398,1350,0.41
2025-03-18,Winter Jacket,Apparel,East,Online,12,200,2789,2452,0.31
2025-03-21,Yoga Mat,Sports,West,Retail,18,40,742,635,0.22
2025-03-22,Laptop Pro,Electronics,South,Online,38,1200,41954,40225,0.22
2025-03-22,Running Shoes,Apparel,North,Wholesale,40,120,4383,4039,0.25
2025-03-23,Yoga Mat,Sports,East,Wholesale,10,40,376,351,0.17
2025-03-24,Yoga Mat,Sports,East,Wholesale,2,40,95,91,0.42
2025-03-25,Yoga Mat,Sports,North,Online,39,40,1824,1748,0.4
2025-03-26,Laptop Pro,Electronics,East,Online,28,1200,31608,30949,0.24
2025-03-26,Air Purifier,Home,North,Online,1,250,229,228,0.22
