,TimeIndex,MonthNum,Lag1,Lag12,RollingMean3,RollingMean12,Predicted_RF,Predicted_LR
1961-01-01,132,1,432,417.0,427.6666666666667,476.1666666666667,466.23,431.62875921436364
1961-02-01,133,2,432,391.0,427.6666666666667,476.1666666666667,430.29,412.54594767023025
1961-03-01,134,3,432,419.0,427.6666666666667,476.1666666666667,465.62,430.3042852589129
1961-04-01,135,4,432,461.0,427.6666666666667,476.1666666666667,481.935,457.6140318820293
1961-05-01,136,5,432,472.0,427.6666666666667,476.1666666666667,482.425,463.77422992889944
1961-06-01,137,6,432,535.0,427.6666666666667,476.1666666666667,483.36,505.41109010366654
1961-07-01,138,7,432,622.0,427.6666666666667,476.1666666666667,485.82,563.4217943374629
1961-08-01,139,8,432,606.0,427.6666666666667,476.1666666666667,487.185,551.1614178179251
1961-09-01,140,9,432,508.0,427.6666666666667,476.1666666666667,486.235,482.95707409670376
1961-10-01,141,10,432,461.0,427.6666666666667,476.1666666666667,485.745,449.5471490009198
1961-11-01,142,11,432,390.0,427.6666666666667,476.1666666666667,429.8,399.7633798461064
1961-12-01,143,12,432,432.0,427.6666666666667,476.1666666666667,469.045,427.0731264692228
1962-01-01,144,1,432,432.0,427.6666666666667,476.1666666666667,465.62,446.36530069512844
1962-02-01,145,2,432,432.0,427.6666666666667,476.1666666666667,465.62,445.0208202149435
1962-03-01,146,3,432,432.0,427.6666666666667,476.1666666666667,465.62,443.6763397347586
1962-04-01,147,4,432,432.0,427.6666666666667,476.1666666666667,465.62,442.33185925457366
1962-05-01,148,5,432,432.0,427.6666666666667,476.1666666666667,465.875,440.98737877438873
1962-06-01,149,6,432,432.0,427.6666666666667,476.1666666666667,466.38,439.6428982942038
1962-07-01,150,7,432,432.0,427.6666666666667,476.1666666666667,469.07,438.2984178140189
1962-08-01,151,8,432,432.0,427.6666666666667,476.1666666666667,470.285,436.95393733383395
1962-09-01,152,9,432,432.0,427.6666666666667,476.1666666666667,469.33,435.609456853649
1962-10-01,153,10,432,432.0,427.6666666666667,476.1666666666667,469.045,434.26497637346415
1962-11-01,154,11,432,432.0,427.6666666666667,476.1666666666667,469.045,432.92049589327917
1962-12-01,155,12,432,432.0,427.6666666666667,476.1666666666667,469.045,431.5760154130943
