Month,Sales,TimeIndex,Year,MonthNum,Lag1,Lag12,RollingMean3,RollingMean12
1950-01-01,115,12,1950,1,118.0,112.0,112.33333333333333,126.91666666666667
1950-02-01,126,13,1950,2,115.0,118.0,119.66666666666667,127.58333333333333
1950-03-01,141,14,1950,3,126.0,132.0,127.33333333333333,128.33333333333334
1950-04-01,135,15,1950,4,141.0,129.0,134.0,128.83333333333334
1950-05-01,125,16,1950,5,135.0,121.0,133.66666666666666,129.16666666666666
1950-06-01,149,17,1950,6,125.0,135.0,136.33333333333334,130.33333333333334
1950-07-01,170,18,1950,7,149.0,148.0,148.0,132.16666666666666
1950-08-01,170,19,1950,8,170.0,148.0,163.0,134.0
1950-09-01,158,20,1950,9,170.0,136.0,166.0,135.83333333333334
1950-10-01,133,21,1950,10,158.0,119.0,153.66666666666666,137.0
1950-11-01,114,22,1950,11,133.0,104.0,135.0,137.83333333333334
1950-12-01,140,23,1950,12,114.0,118.0,129.0,139.66666666666666
1951-01-01,145,24,1951,1,140.0,115.0,133.0,142.16666666666666
1951-02-01,150,25,1951,2,145.0,126.0,145.0,144.16666666666666
1951-03-01,178,26,1951,3,150.0,141.0,157.66666666666666,147.25
1951-04-01,163,27,1951,4,178.0,135.0,163.66666666666666,149.58333333333334
1951-05-01,172,28,1951,5,163.0,125.0,171.0,153.5
1951-06-01,178,29,1951,6,172.0,149.0,171.0,155.91666666666666
1951-07-01,199,30,1951,7,178.0,170.0,183.0,158.33333333333334
1951-08-01,199,31,1951,8,199.0,170.0,192.0,160.75
1951-09-01,184,32,1951,9,199.0,158.0,194.0,162.91666666666666
1951-10-01,162,33,1951,10,184.0,133.0,181.66666666666666,165.33333333333334
1951-11-01,146,34,1951,11,162.0,114.0,164.0,168.0
1951-12-01,166,35,1951,12,146.0,140.0,158.0,170.16666666666666
1952-01-01,171,36,1952,1,166.0,145.0,161.0,172.33333333333334
1952-02-01,180,37,1952,2,171.0,150.0,172.33333333333334,174.83333333333334
1952-03-01,193,38,1952,3,180.0,178.0,181.33333333333334,176.08333333333334
1952-04-01,181,39,1952,4,193.0,163.0,184.66666666666666,177.58333333333334
1952-05-01,183,40,1952,5,181.0,172.0,185.66666666666666,178.5
1952-06-01,218,41,1952,6,183.0,178.0,194.0,181.83333333333334
1952-07-01,230,42,1952,7,218.0,199.0,210.33333333333334,184.41666666666666
1952-08-01,242,43,1952,8,230.0,199.0,230.0,188.0
1952-09-01,209,44,1952,9,242.0,184.0,227.0,190.08333333333334
1952-10-01,191,45,1952,10,209.0,162.0,214.0,192.5
1952-11-01,172,46,1952,11,191.0,146.0,190.66666666666666,194.66666666666666
1952-12-01,194,47,1952,12,172.0,166.0,185.66666666666666,197.0
1953-01-01,196,48,1953,1,194.0,171.0,187.33333333333334,199.08333333333334
1953-02-01,196,49,1953,2,196.0,180.0,195.33333333333334,200.41666666666666
1953-03-01,236,50,1953,3,196.0,193.0,209.33333333333334,204.0
1953-04-01,235,51,1953,4,236.0,181.0,222.33333333333334,208.5
1953-05-01,229,52,1953,5,235.0,183.0,233.33333333333334,212.33333333333334
1953-06-01,243,53,1953,6,229.0,218.0,235.66666666666666,214.41666666666666
1953-07-01,264,54,1953,7,243.0,230.0,245.33333333333334,217.25
1953-08-01,272,55,1953,8,264.0,242.0,259.6666666666667,219.75
1953-09-01,237,56,1953,9,272.0,209.0,257.6666666666667,222.08333333333334
1953-10-01,211,57,1953,10,237.0,191.0,240.0,223.75
1953-11-01,180,58,1953,11,211.0,172.0,209.33333333333334,224.41666666666666
1953-12-01,201,59,1953,12,180.0,194.0,197.33333333333334,225.0
1954-01-01,204,60,1954,1,201.0,196.0,195.0,225.66666666666666
1954-02-01,188,61,1954,2,204.0,196.0,197.66666666666666,225.0
1954-03-01,235,62,1954,3,188.0,236.0,209.0,224.91666666666666
1954-04-01,227,63,1954,4,235.0,235.0,216.66666666666666,224.25
1954-05-01,234,64,1954,5,227.0,229.0,232.0,224.66666666666666
1954-06-01,264,65,1954,6,234.0,243.0,241.66666666666666,226.41666666666666
1954-07-01,302,66,1954,7,264.0,264.0,266.6666666666667,229.58333333333334
1954-08-01,293,67,1954,8,302.0,272.0,286.3333333333333,231.33333333333334
1954-09-01,259,68,1954,9,293.0,237.0,284.6666666666667,233.16666666666666
1954-10-01,229,69,1954,10,259.0,211.0,260.3333333333333,234.66666666666666
1954-11-01,203,70,1954,11,229.0,180.0,230.33333333333334,236.58333333333334
1954-12-01,229,71,1954,12,203.0,201.0,220.33333333333334,238.91666666666666
1955-01-01,242,72,1955,1,229.0,204.0,224.66666666666666,242.08333333333334
1955-02-01,233,73,1955,2,242.0,188.0,234.66666666666666,245.83333333333334
1955-03-01,267,74,1955,3,233.0,235.0,247.33333333333334,248.5
1955-04-01,269,75,1955,4,267.0,227.0,256.3333333333333,252.0
1955-05-01,270,76,1955,5,269.0,234.0,268.6666666666667,255.0
1955-06-01,315,77,1955,6,270.0,264.0,284.6666666666667,259.25
1955-07-01,364,78,1955,7,315.0,302.0,316.3333333333333,264.4166666666667
1955-08-01,347,79,1955,8,364.0,293.0,342.0,268.9166666666667
1955-09-01,312,80,1955,9,347.0,259.0,341.0,273.3333333333333
1955-10-01,274,81,1955,10,312.0,229.0,311.0,277.0833333333333
1955-11-01,237,82,1955,11,274.0,203.0,274.3333333333333,279.9166666666667
1955-12-01,278,83,1955,12,237.0,229.0,263.0,284.0
1956-01-01,284,84,1956,1,278.0,242.0,266.3333333333333,287.5
1956-02-01,277,85,1956,2,284.0,233.0,279.6666666666667,291.1666666666667
1956-03-01,317,86,1956,3,277.0,267.0,292.6666666666667,295.3333333333333
1956-04-01,313,87,1956,4,317.0,269.0,302.3333333333333,299.0
1956-05-01,318,88,1956,5,313.0,270.0,316.0,303.0
1956-06-01,374,89,1956,6,318.0,315.0,335.0,307.9166666666667
1956-07-01,413,90,1956,7,374.0,364.0,368.3333333333333,312.0
1956-08-01,405,91,1956,8,413.0,347.0,397.3333333333333,316.8333333333333
1956-09-01,355,92,1956,9,405.0,312.0,391.0,320.4166666666667
1956-10-01,306,93,1956,10,355.0,274.0,355.3333333333333,323.0833333333333
1956-11-01,271,94,1956,11,306.0,237.0,310.6666666666667,325.9166666666667
1956-12-01,306,95,1956,12,271.0,278.0,294.3333333333333,328.25
1957-01-01,315,96,1957,1,306.0,284.0,297.3333333333333,330.8333333333333
1957-02-01,301,97,1957,2,315.0,277.0,307.3333333333333,332.8333333333333
1957-03-01,356,98,1957,3,301.0,317.0,324.0,336.0833333333333
1957-04-01,348,99,1957,4,356.0,313.0,335.0,339.0
1957-05-01,355,100,1957,5,348.0,318.0,353.0,342.0833333333333
1957-06-01,422,101,1957,6,355.0,374.0,375.0,346.0833333333333
1957-07-01,465,102,1957,7,422.0,413.0,414.0,350.4166666666667
1957-08-01,467,103,1957,8,465.0,405.0,451.3333333333333,355.5833333333333
1957-09-01,404,104,1957,9,467.0,355.0,445.3333333333333,359.6666666666667
1957-10-01,347,105,1957,10,404.0,306.0,406.0,363.0833333333333
1957-11-01,305,106,1957,11,347.0,271.0,352.0,365.9166666666667
1957-12-01,336,107,1957,12,305.0,306.0,329.3333333333333,368.4166666666667
1958-01-01,340,108,1958,1,336.0,315.0,327.0,370.5
1958-02-01,318,109,1958,2,340.0,301.0,331.3333333333333,371.9166666666667
1958-03-01,362,110,1958,3,318.0,356.0,340.0,372.4166666666667
1958-04-01,348,111,1958,4,362.0,348.0,342.6666666666667,372.4166666666667
1958-05-01,363,112,1958,5,348.0,355.0,357.6666666666667,373.0833333333333
1958-06-01,435,113,1958,6,363.0,422.0,382.0,374.1666666666667
1958-07-01,491,114,1958,7,435.0,465.0,429.6666666666667,376.3333333333333
1958-08-01,505,115,1958,8,491.0,467.0,477.0,379.5
1958-09-01,404,116,1958,9,505.0,404.0,466.6666666666667,379.5
1958-10-01,359,117,1958,10,404.0,347.0,422.6666666666667,380.5
1958-11-01,310,118,1958,11,359.0,305.0,357.6666666666667,380.9166666666667
1958-12-01,337,119,1958,12,310.0,336.0,335.3333333333333,381.0
1959-01-01,360,120,1959,1,337.0,340.0,335.6666666666667,382.6666666666667
1959-02-01,342,121,1959,2,360.0,318.0,346.3333333333333,384.6666666666667
1959-03-01,406,122,1959,3,342.0,362.0,369.3333333333333,388.3333333333333
1959-04-01,396,123,1959,4,406.0,348.0,381.3333333333333,392.3333333333333
1959-05-01,420,124,1959,5,396.0,363.0,407.3333333333333,397.0833333333333
1959-06-01,472,125,1959,6,420.0,435.0,429.3333333333333,400.1666666666667
1959-07-01,548,126,1959,7,472.0,491.0,480.0,404.9166666666667
1959-08-01,559,127,1959,8,548.0,505.0,526.3333333333334,409.4166666666667
1959-09-01,463,128,1959,9,559.0,404.0,523.3333333333334,414.3333333333333
1959-10-01,407,129,1959,10,463.0,359.0,476.3333333333333,418.3333333333333
1959-11-01,362,130,1959,11,407.0,310.0,410.6666666666667,422.6666666666667
1959-12-01,405,131,1959,12,362.0,337.0,391.3333333333333,428.3333333333333
1960-01-01,417,132,1960,1,405.0,360.0,394.6666666666667,433.0833333333333
1960-02-01,391,133,1960,2,417.0,342.0,404.3333333333333,437.1666666666667
1960-03-01,419,134,1960,3,391.0,406.0,409.0,438.25
1960-04-01,461,135,1960,4,419.0,396.0,423.6666666666667,443.6666666666667
1960-05-01,472,136,1960,5,461.0,420.0,450.6666666666667,448.0
1960-06-01,535,137,1960,6,472.0,472.0,489.3333333333333,453.25
1960-07-01,622,138,1960,7,535.0,548.0,543.0,459.4166666666667
1960-08-01,606,139,1960,8,622.0,559.0,587.6666666666666,463.3333333333333
1960-09-01,508,140,1960,9,606.0,463.0,578.6666666666666,467.0833333333333
1960-10-01,461,141,1960,10,508.0,407.0,525.0,471.5833333333333
1960-11-01,390,142,1960,11,461.0,362.0,453.0,473.9166666666667
1960-12-01,432,143,1960,12,390.0,405.0,427.6666666666667,476.1666666666667
